id;title;description;reported_at;severity;status;reported_by_id;meeting_id
1;brush millet;../fake-data/blob/hipster.txt;2026-02-24T05:28:08;impossible stint down;poorly;1;1
2;indeed indeed sans;../fake-data/blob/hipster.txt;2026-02-24T08:45:48;worthless who hence;ick hmph;2;2
3;boo;../fake-data/blob/hipster.txt;2026-02-24T03:02:16;per so steel;bakeware;2;3
4;defiantly pro;../fake-data/blob/hipster.txt;2026-02-24T06:52:45;officially accompanist cruelly;because unaccountably excepting;1;4
5;these joshingly capitalize;../fake-data/blob/hipster.txt;2026-02-23T15:56:41;impanel castanet;hospitable;2;5
6;while against labourer;../fake-data/blob/hipster.txt;2026-02-23T20:12:48;gee yuck;safely but;1;6
7;minus expert birdbath;../fake-data/blob/hipster.txt;2026-02-24T02:06:02;after;optimistically;2;7
8;restfully briskly phew;../fake-data/blob/hipster.txt;2026-02-23T19:46:22;absentmindedly whether;frenetically;1;8
9;every;../fake-data/blob/hipster.txt;2026-02-24T07:48:52;receptor oof bah;ajar smug;1;9
10;stupendous lobotomise mealy;../fake-data/blob/hipster.txt;2026-02-23T12:14:02;restfully below a;provided;1;10
