id;type;title;description;due_at;status;remind_before_minutes;meeting_id
1;POST_MEETING;however the mockingly;../fake-data/blob/hipster.txt;2026-02-23T13:53:04;IN_PROGRESS;3471;1
2;POST_MEETING;versus;../fake-data/blob/hipster.txt;2026-02-24T05:07:36;TODO;31045;2
3;PRE_MEETING;among a prime;../fake-data/blob/hipster.txt;2026-02-24T03:22:03;TODO;8715;3
4;PRE_MEETING;husk decriminalize;../fake-data/blob/hipster.txt;2026-02-24T06:20:52;DONE;24321;4
5;PRE_MEETING;grass;../fake-data/blob/hipster.txt;2026-02-23T14:07:24;TODO;31976;5
6;POST_MEETING;save;../fake-data/blob/hipster.txt;2026-02-23T13:51:14;OVERDUE;26184;6
7;PRE_MEETING;impostor petty huzzah;../fake-data/blob/hipster.txt;2026-02-23T19:13:05;TODO;1662;7
8;PRE_MEETING;behold;../fake-data/blob/hipster.txt;2026-02-23T12:09:27;TODO;12999;8
9;POST_MEETING;or along;../fake-data/blob/hipster.txt;2026-02-24T07:55:17;OVERDUE;20308;9
10;POST_MEETING;oof;../fake-data/blob/hipster.txt;2026-02-23T18:16:57;TODO;31976;10
