id;doc_type;file_name;content_type;file;file_content_type;uploaded_at;uploaded_by_id;meeting_id
1;debit requirement republican;lonely;compromise;../fake-data/blob/hipster.png;image/png;2026-02-23T23:09:50;1;1
2;obstruct;but;queasy gosh sometimes;../fake-data/blob/hipster.png;image/png;2026-02-24T07:18:23;2;2
3;ha;since before;aw;../fake-data/blob/hipster.png;image/png;2026-02-23T13:17:28;1;3
4;when;happily seal;print;../fake-data/blob/hipster.png;image/png;2026-02-24T05:21:29;2;4
5;forsaken geez unimpressively;above speedily;yippee where;../fake-data/blob/hipster.png;image/png;2026-02-23T21:38:50;1;5
6;before hello hypothesize;hotfoot troubled;tensely avow;../fake-data/blob/hipster.png;image/png;2026-02-23T11:08:51;1;6
7;partially as;inveigle wise minion;shadowbox upwardly because;../fake-data/blob/hipster.png;image/png;2026-02-24T04:54:02;1;7
8;experience anticodon;lest;whether provision helplessly;../fake-data/blob/hipster.png;image/png;2026-02-23T16:50:44;2;8
9;er;since;breed;../fake-data/blob/hipster.png;image/png;2026-02-24T03:03:19;1;9
10;yum;yuck amid underneath;boohoo gadzooks linseed;../fake-data/blob/hipster.png;image/png;2026-02-24T03:11:13;2;10
